Year,Period,ID,GradeLevel,Sex,PrevMath,wGPA,uGPA,MathGPA,APAve,APExams,APExamsPass,BirthMonth,Town,PSAT,PSAT-ELA,PSAT-Math,SBAC_ELA,ELA_Level,SBAC_MATH,Math_Level,SBAC_Total,LOCUS_August,MT_MC,MT_Raw,Mk1_MC,Mk1_Raw,Mk1_AP,Mk2_MC,Mk2_Raw,Mk2_AP,LOCUS_April,ACTUAL
2017,1,50820,12,M,A2,,,,,,,12,ATown,,,,,,,,,,12,37.2,10,24.1,1,6,16.9,1,,0
2017,1,51155,12,F,A2,,,,,,,10,Other,,,,,,,,,,21,58.4,30,74.4,5,34,75,5,,5
2017,1,51285,12,M,APCalc,,,,,,,11,Other,,,,,,,,,,21,69.4,33,77.2,5,30,75.6,5,,5
2017,1,52050,11,M,A2,,,,,,,6,ATown,,,,,,,,,,17,62.7,30,73.4,5,30,65,4,,4
2017,2,52310,12,F,APCalc,,,,,,,6,CCity,,,,,,,,,,27,91.9,37,82.5,5,38,88.8,5,,5
2017,2,53380,12,M,PC,,,,,,,12,CCity,,,,,,,,,,14,51.5,22,60,4,25,56.9,4,,4
2017,2,53850,12,M,APCalc,,,,,,,1,Other,,,,,,,,,,23,71.1,24,65.6,4,24,60.6,4,,5
2017,2,54000,11,F,APCalc,,,,,,,3,Bville,,,,,,,,,,25,80.7,36,80.6,5,32,78.1,5,,5
2017,2,54920,12,F,APCalc,,,,,,,8,Other,,,,,,,,,,17,73.6,32,72.2,5,32,75.6,5,,5
2017,2,56880,10,M,A2,,,,,,,4,Other,,,,,,,,,,19,66,35,77.8,5,28,73.1,5,,5
2018,1,50320,12,M,APCalc,4.03,,4,5,4,4,9,Other,,,,,,,,,,33,86.6,33,89.4,5,33,79.7,5,,5
2018,2,55355,12,M,PC,4.5,,4,,0,,12,CCity,,,,,,,,,,22,60.3,25,64.4,4,29,70.9,5,,4
2018,1,50640,12,F,PC,3.96,,4,,0,,6,ATown,,,,,,,,,,20,54.7,21,57.2,4,30,69.1,4,,4
2018,2,50760,12,M,PC,3.48,,2.8,,0,,11,Other,,,,,,,,,,24,59.7,21,42.2,2,24,61.9,4,,3
2018,1,50770,12,M,APCalc,4.22,,4,3.8,4,4,6,Other,,,,,,,,,,34,86.3,33,81.3,5,31,78.1,5,,5
2018,2,51190,12,M,APCalc,4.2,,4,3.3,3,2,8,ATown,,,,,,,,,,29,75.3,37,83.1,5,36,83.1,5,,5
2018,1,51570,12,F,PC,3.72,,3.33,1.5,2,0,1,ATown,,,,,,,,,,19,48.8,18,51.6,3,26,58.1,4,,2
2018,2,51575,12,F,PC,3.61,,3,1.5,2,0,1,ATown,,,,,,,,,,18,41.3,21,49.7,3,29,65.9,4,,3
2018,1,55510,10,M,A2,4,,4,,0,,4,Other,,,,,,,,,,28,74.1,26,64.7,4,27,75.9,5,,4
2018,2,52020,12,F,PC,4.03,,3.67,3.5,2,2,3,ATown,,,,,,,,,,28,58.4,23,64.1,4,28,68.4,4,,4
2018,1,52140,12,F,PC,3.87,,2.88,3.3,2,2,4,ATown,,,,,,,,,,20,51.6,16,40.3,2,20,53.4,3,,3
2018,2,52340,11,F,A2,3.55,,4,,0,,8,Other,,,,,,,,,,21,49.7,22,54.1,3,24,53.8,3,,4
2018,1,52595,12,F,PC,3.82,,3,,0,,1,CCity,,,,,,,,,,22,55.6,19,57.5,4,21,64.7,4,,4
2018,2,52905,12,M,PC,4.11,,3.5,3.3,3,3,6,ATown,,,,,,,,,,22,54.1,19,50,3,21,59.7,4,,3
2018,1,53005,11,M,A2,4.05,,3.5,4,1,1,11,Other,,,,,,,,,,23,61.6,27,63.8,4,24,58.8,4,,3
2018,2,53245,12,F,APCalc,3.96,,4,5,4,4,11,ATown,,,,,,,,,,37,94.7,36,83.8,5,32,79.7,5,,5
2018,1,55155,10,M,A2,3.87,,3.5,,0,,3,Other,,,,,,,,,,22,60.3,24,58.8,4,25,65,4,,3
2018,2,53650,12,M,PC,4.04,,3.83,3.3,4,2,12,CCity,,,,,,,,,,21,46.6,22,55.6,4,21,65.6,4,,4
2018,1,55215,12,F,PC,2.97,,2,2,1,0,4,Other,,,,,,,,,,18,36.6,10,35.6,2,17,48.1,3,,2
2018,2,53750,12,M,PC,3.96,,3.83,3.3,3,3,7,Other,,,,,,,,,,19,51.9,16,48.4,3,23,66.3,4,,2
2018,1,53820,12,F,PC,4.1,,4,3.5,2,2,11,Bville,,,,,,,,,,30,70.3,24,60.3,4,30,76.6,5,,5
2018,2,53835,12,F,APCalc,4.2,,4,4,4,4,8,CCity,,,,,,,,,,27,65,32,84.4,5,30,69.4,4,,5
2018,1,57415,12,F,PC,3.72,,3.6,,0,,4,Other,,,,,,,,,,23,58.4,24,61.6,4,24,60.6,4,,3
2018,2,54045,12,M,A2,4.24,,4,4,3,3,10,Other,,,,,,,,,,25,68.8,29,71.3,5,28,69.7,4,,4
2018,1,54230,12,M,APCalc,4.09,,3.88,3.3,4,3,1,Bville,,,,,,,,,,27,65,28,77.5,5,26,66.9,4,,5
2018,2,54560,12,F,APCalc,4.07,,4,4.5,2,2,3,CCity,,,,,,,,,,26,70,27,65,4,28,71.6,5,,4
2018,1,54605,11,F,A2,3.5,,3.75,,0,,2,ATown,,,,,,,,,,25,65.6,30,70.3,5,32,72.5,5,,5
2018,2,56570,12,F,PC,3.81,,3.33,3.5,2,2,10,ATown,,,,,,,,,,23,56.9,18,42.5,2,25,62.2,4,,3
2018,1,54795,12,F,PC,4.03,,4,3,1,1,8,ATown,,,,,,,,,,22,58.8,22,56.3,4,26,62.2,4,,4
2019,2,59605,12,M,A2,3.94,,3.5,,0,,12,Other,,,,2694,4,2551,2,5245,47,22,50,16,41.9,2,24,44.4,3,63,2
2019,1,50365,12,M,PC,3.92,,2.7,4.3,3,3,9,Other,198,,,2791,4,2651,3,5442,43,20,56.3,20,47.5,3,30,60.6,4,77,4
2019,2,50440,12,F,APCalc,4.4,,4,4.5,4,4,8,Other,198,,,,,,,,73,33,81.3,32,71.9,5,33,78.8,5,93,5
2019,1,50605,12,M,PC,3.81,,3.2,2,1,1,7,Other,164,,,2703,4,2788,4,5491,57,29,73.8,34,71.3,5,30,73.1,5,80,4
2019,2,56780,12,M,APCalc,3.89,,4,4.8,4,4,11,Other,209,,,2753,4,2826,4,5579,77,32,82.5,35,76.3,5,34,73.1,5,100,5
2019,1,50655,12,F,PC,3.03,,2.2,,0,,3,Other,163,,,2680,3,2645,3,5325,53,18,55,19,40,2,18,43.8,3,70,2
2019,2,50755,12,F,PC,4.06,,4,3.5,2,2,2,Bville,178,,,2795,4,2772,4,5567,67,32,81.3,31,76.9,5,34,86.9,5,87,5
2019,1,50895,12,M,PC,4.13,,4,2.3,3,3,9,Other,,,,2675,3,2754,4,5429,63,30,77.5,29,65.6,4,30,66.9,4,83,5
2019,2,51290,12,M,A2,3.76,,3.3,4,2,2,8,ATown,,,,2779,4,2625,2,5404,53,27,68.8,26,66.3,4,34,72.5,5,87,5
2019,1,51300,12,F,PC,3.67,,3.2,3,1,1,10,ATown,186,,,2732,4,2736,4,5468,60,25,51.3,17,28.8,2,22,48.8,3,67,3
2019,2,55500,12,M,PC,3.63,,3.3,,0,,8,Bville,,,,2795,4,2731,4,5526,57,30,77.5,25,54.4,3,31,72.5,5,97,5
2019,1,51680,12,M,PC,3.59,,3.2,3,2,2,3,Other,155,,,2756,4,2665,3,5421,50,23,63.8,10,37.5,2,21,55,3,63,2
2019,2,59320,11,F,A2,3.67,,3.8,,0,,2,Other,,,,,,,,,70,32,67.5,23,68.1,4,32,76.3,5,87,4
2019,1,56660,12,M,A2,3.22,,2.5,,0,,2,ATown,150,,,2691,4,2629,3,5320,57,20,53.8,18,38.8,2,25,43.8,3,73,3
2019,2,51900,12,M,PC,4.11,,4,4,1,1,7,ATown,168,,,2714,4,2762,4,5476,70,29,77.5,23,61.3,4,33,76.9,5,70,5
2019,1,59160,12,F,PC,3.41,,3.7,3,1,1,12,Other,161,,,2711,4,2702,3,5413,60,24,56.3,19,46.9,3,26,57.5,4,83,4
2019,2,52480,12,F,A2,3.22,,3.2,4,2,2,1,CCity,,,,2732,4,2691,3,5423,43,28,65,21,58.1,4,26,51.9,3,87,3
2019,1,58575,12,M,A2,3.29,,2,,0,,6,Bville,,,,2578,2,2443,1,5021,50,18,36.3,9,26.3,1,18,29.4,2,30,0
2019,2,52750,12,F,A2,3.78,,3.5,,2,2,5,ATown,,,,2727,4,2695,3,5422,60,29,71.3,29,73.8,5,29,73.1,5,93,5
2019,1,52820,12,M,A2,3.43,,2.8,2,1,1,7,CCity,,,,2709,4,2622,2,5331,33,18,41.3,10,27.5,1,17,34.4,2,67,3
2019,2,53220,12,M,APCalc,3.56,,3.3,4,1,1,3,Bville,,,,2767,4,2804,4,5571,53,37,96.3,35,80.6,5,35,82.5,5,93,5
2019,1,53450,12,M,APCalc,4.2,,4,4,3,3,6,Other,179,,,2749,4,2774,4,5523,40,31,77.5,32,76.3,5,30,71.3,5,97,5
2019,2,53460,12,M,PC,3.44,,3.2,,0,,8,ATown,140,,,2628,3,2685,3,5313,40,23,55,22,56.3,4,28,53.1,3,63,2
2019,1,53520,12,M,PC,3.77,,3,5,1,1,5,ATown,152,,,2673,3,2699,3,5372,60,20,61.3,19,54.4,3,25,61.9,4,83,5
2019,2,53585,12,M,PC,4.06,,3.5,3.3,3,3,8,Bville,171,,,2728,4,2702,3,5430,47,24,68.8,22,65,4,30,71.3,5,73,4
2019,1,53665,12,M,PC,3.27,,3,3,2,2,11,Bville,171,,,,,,,,47,24,62.5,14,17.5,1,18,42.5,2,80,3
2019,2,56420,11,F,A2,4.05,,3.8,,0,,10,ATown,174,,,,,,,,53,30,73.8,30,66.9,4,28,76.3,5,90,5
2019,1,53690,12,M,A2,3.97,,3.8,2,1,1,2,ATown,171,,,2629,4,2677,3,5306,63,25,61.3,20,54.4,3,26,58.8,4,70,4
2019,2,53795,12,F,APCalc,4.24,,4,5,4,4,12,ATown,216,,,2795,4,2862,4,5657,70,36,92.5,40,98.1,5,38,90,5,100,5
2019,1,53860,12,F,APCalc,4.07,,4,4.3,3,3,12,ATown,182,,,2634,3,2717,3,5351,63,31,83.8,32,81.9,5,34,76.3,5,90,5
2019,2,53950,12,M,PC,4,,3.7,3.7,3,3,4,Other,158,,,2633,3,2704,3,5337,53,22,66.3,25,60,4,31,70,4,83,4
2019,1,53970,12,F,PC,2.93,,2.3,,0,,1,Other,146,,,2647,3,2773,4,5420,63,32,78.8,22,51.3,3,26,54.4,3,73,4
2019,2,54095,12,M,PC,4.16,,4,4,3,3,2,Other,184,,,,,,,,70,31,85,26,66.3,4,30,71.3,5,83,5
2019,1,54120,12,M,A2,3.75,,3.7,2.5,2,2,10,Other,165,,,,,,,,80,26,70,24,53.8,3,21,47.5,3,77,4
2019,2,54270,12,F,A2,3.56,,3.5,2.5,2,2,9,CCity,,,,2635,3,2576,2,5211,40,23,61.3,19,50.6,3,20,51.3,3,70,4
2019,1,54365,12,M,PC,3.9,,3.3,4,2,2,1,ATown,181,,,2795,4,2796,4,5591,60,30,76.3,25,61.9,4,29,66.9,4,83,4
2019,2,56755,11,M,PC,4.07,,4,,0,,11,Bville,139,,,,,,,,47,24,55,16,43.1,3,22,50.6,3,60,4
2019,1,54475,12,F,A2,3.47,,2.8,2,2,2,10,Other,168,,,2718,4,2583,2,5301,63,21,40,16,36.9,2,19,45.6,3,77,0
2019,2,54480,12,M,A2,4.03,,4,3,2,2,11,ATown,,,,2670,3,2643,3,5313,50,21,51.3,17,51.9,3,26,57.5,4,77,3
2019,1,55410,11,M,A2,4.05,,4,5,1,1,5,ATown,,,,,,,,,73,31,73.8,24,49.4,3,25,54.4,3,67,5
2019,2,55430,11,M,A2,3,,4,,0,,5,Other,127,,,,,,,,70,29,80,29,67.5,4,32,76.9,5,80,5
2019,1,56060,11,F,A2,4.11,,4,,0,,11,Bville,170,,,,,,,,53,31,83.8,26,60,4,28,65.6,4,90,4
2019,2,56055,11,F,A2,4.13,,4,,0,,11,Bville,170,,,,,,,,43,31,77.5,27,59.4,4,26,55.6,4,70,3
2019,1,54750,12,M,APCalc,4.1,,3.8,4.3,3,3,3,Other,178,,,2702,4,2774,4,5476,50,25,66.3,21,55,3,27,51.9,3,67,3
2020,2,61055,12,M,APCalc,4.13,,4,4.7,3,3,2,CCity,1440,740,700,2795,4,2815,4,5610,63,30,83.8,34,80.6,5,32,75.6,5,87,5
2020,1,55725,12,M,PC,4.02,,3,4,3,3,8,Other,1290,720,570,2795,4,2731,4,5526,70,27,67.5,23,53.1,3,27,61.3,4,,3
2020,2,56010,12,M,PC,4.16,,3.83,4,2,2,11,ATown,1160,600,560,2756,4,2733,4,5489,60,26,71.3,23,61.9,4,23,57.5,4,50,4
2020,1,55550,12,M,A2,3.95,,3.5,3,1,1,9,CCity,1120,570,550,2681,3,2675,3,5356,53,23,62.5,13,36.3,2,17,51.3,3,,3
2020,2,57235,11,M,A2,4.04,,3.75,,0,,6,Other,1160,630,530,,,,,,53,25,63.8,30,68.1,4,28,70.6,5,87,4
2020,1,55745,12,M,PC,4.03,,3.83,3,1,1,9,Other,1130,520,610,2548,2,2703,3,5251,63,28,72.5,28,57.5,4,32,59.4,4,87,4
2020,2,56165,12,F,PC,4.18,,4,3.7,3,3,1,Other,1320,620,700,2757,4,2856,4,5613,67,36,86.3,37,87.5,5,37,83.8,5,90,5
2020,1,58385,12,M,PC,4.26,,4,4.7,3,3,8,Other,1500,760,740,2795,4,2799,4,5594,67,36,90,32,81.3,5,33,70,4,90,5
2020,2,55760,12,M,APCalc,4.17,,4,5,2,2,10,CCity,1410,710,700,2717,4,2736,4,5453,70,32,81.3,32,72.5,5,32,75,5,80,5
2020,1,55235,12,M,A2,3.43,,3,,0,,10,ATown,940,440,500,2651,3,2648,3,5299,43,26,55,18,44.4,3,21,45.6,3,77,3
2020,2,58350,11,M,PC,3.96,,3.5,3,1,1,1,Other,1190,590,600,,,,,,63,25,57.5,24,54.4,3,25,60.6,4,67,4
2020,1,56210,12,M,PC,4,,3.67,3,1,1,9,ATown,1340,650,690,2761,4,2737,4,5498,70,26,66.3,17,46.9,3,17,43.1,3,67,4
2020,2,55820,12,M,APCalc,4.29,,4,5,6,6,10,CCity,1510,760,750,2795,4,2862,4,5657,83,39,98.8,39,85,5,38,90,5,97,5
2020,1,55830,12,F,APCalc,4.25,,4,4.7,3,3,5,CCity,1440,690,750,2751,4,2852,4,5603,80,39,93.8,38,90.6,5,39,95,5,97,5
2020,2,56290,12,M,PC,4.13,,4,2,1,0,8,ATown,1160,530,630,2714,4,2730,4,5444,67,28,66.3,20,57.5,4,24,60,4,60,4
2020,1,55795,12,F,A2,3.56,,3.83,,0,,11,CCity,1130,550,580,2614,3,2745,4,5359,53,23,55,28,58.1,4,31,69.4,4,73,3
2020,2,61095,12,M,PC,3.93,,3.67,3.5,2,2,1,ATown,1150,570,580,2708,4,2509,1,5217,53,31,72.5,21,57.5,4,27,55,3,67,4
2020,1,56320,12,F,PC,3.09,,2.67,,0,,8,Bville,970,450,520,2669,3,2706,3,5375,43,17,47.5,13,23.8,1,27,48.1,3,70,2
2020,2,55840,12,M,PC,4.31,,4,3.8,4,4,1,Bville,1230,600,630,2761,4,2753,4,5514,60,25,76.3,32,66.9,4,32,62.5,4,70,4
2020,1,57395,11,F,A2,3.81,,3.75,,0,,4,ATown,1120,600,520,,,,,,63,16,42.5,27,50,3,31,58.1,4,,3
2020,2,60855,10,F,A2,4,,4,,0,,5,CCity,,,,,,,,,43,27,65,30,63.1,4,30,77.5,5,73,5
2020,1,60860,10,F,A2,4.09,,4,,0,,11,CCity,,,,,,,,,53,29,66.3,32,65.6,4,29,65.6,4,77,5
2020,2,55315,12,F,APCalc,4.26,,4,4.8,5,5,6,ATown,1330,630,700,2795,4,2792,4,5587,63,29,70,22,55.6,4,27,65,4,87,4
2020,1,55385,12,F,PC,4.24,,4,3.7,3,3,8,ATown,1240,640,600,2702,4,2759,4,5461,63,26,70,21,62.5,4,30,74.4,5,83,5
2020,2,61215,12,F,PC,4.18,,3.67,5,3,3,9,ATown,1430,740,690,2787,4,2828,4,5615,70,29,72.5,31,75.6,5,27,59.4,4,83,0
2020,1,61685,12,M,APCalc,3.87,,3.33,3.5,3,1,6,Other,1220,600,620,2734,4,2787,4,5521,63,31,53.8,24,58.8,4,31,65.6,4,73,4
2020,2,56380,12,M,APCalc,4.14,,3.63,4.7,3,3,8,Other,1420,740,680,2795,4,2795,4,5590,70,34,83.8,32,72.5,5,32,72.5,5,83,5
2020,1,59760,10,F,A2,4,,4,,0,,1,Other,,,,,,,,,70,34,87.5,38,86.9,5,38,91.3,5,93,5
2020,2,56390,12,M,PC,4.19,,3.83,4,3,3,5,ATown,1210,640,570,2774,4,2777,4,5551,63,19,55,25,55.6,4,28,63.8,4,,4
2020,1,57375,11,F,A2,2.75,,2.5,,0,,6,Bville,1100,580,520,,,,,,70,26,51.3,26,43.8,3,25,58.1,4,70,4
2020,2,58275,11,F,A2,3.79,,4,,0,,3,CCity,1400,690,710,,,,,,77,35,78.8,34,68.1,4,37,85.6,5,100,5
2020,1,55345,12,M,PC,4,,3.5,3.3,3,3,8,Other,1230,630,600,2724,4,2789,4,5513,63,35,85,26,69.4,4,33,84.4,5,80,5
2020,2,58170,11,M,A2,3.38,,4,,0,,1,Other,1100,520,580,,,,,,67,34,77.5,22,47.5,3,32,72.5,5,77,4
2020,1,61755,12,F,A2,3.02,,2.5,2,1,0,6,Other,1240,580,660,2640,3,2720,4,5360,50,26,68.8,19,42.5,2,21,46.3,3,63,3
2020,2,60200,10,F,A2,4,,4,,0,,4,ATown,,,,,,,,,57,35,91.3,37,90.6,5,39,98.8,5,93,5
2020,1,55395,12,M,A2,3.61,,3.5,4,1,1,7,Other,1240,690,550,2795,4,2773,4,5568,60,31,66.3,29,65,4,30,71.9,5,90,4
2020,2,61540,11,M,PC,4.08,,3.5,3,1,1,4,Other,1090,600,490,,,,,,57,33,85,31,80.6,5,34,76.3,5,77,5
2020,1,61825,10,F,PC,4.14,,4,5,1,1,5,Bville,1310,600,710,,,,,,73,35,88.8,35,78.1,5,34,78.8,5,80,5
2020,2,55945,12,M,PC,3.81,,3.5,2,2,1,5,Other,1140,580,560,2669,3,2697,3,5366,43,20,55,19,53.1,3,25,55,3,73,3
2020,1,57225,11,M,A2,4.09,,4,,0,,9,CCity,1220,640,580,,,,,,57,30,67.5,29,68.8,4,34,80.6,5,90,5
2020,2,56140,12,M,A2,4.21,,4,3.5,2,2,4,CCity,1220,640,580,2736,4,2736,4,5472,43,24,67.5,24,63.1,4,28,58.1,4,70,4
2020,1,56110,12,M,PC,3.8,,3.17,2,2,1,9,Other,1080,580,500,2716,4,2693,3,5409,27,19,48.8,16,40.6,2,18,38.1,2,57,2
2020,2,55960,12,M,PC,4.06,,4,,0,,3,Other,1120,580,540,2743,4,2828,4,5571,57,31,81.3,36,75.6,5,35,73.8,5,83,5
2020,1,58740,12,M,PC,4.23,,3.83,4,3,3,10,Other,,,,2795,4,2676,3,5471,57,25,61.3,18,40.6,2,25,44.4,3,57,1
2020,2,58545,12,M,APCalc,4.44,,4,4.8,4,4,5,Other,1430,700,730,2795,4,2862,4,5657,83,35,88.8,34,74.4,5,35,77.5,5,97,5
2020,1,55435,12,M,A2,3.5,,2.67,2,1,0,3,CCity,1010,470,540,2686,4,2626,2,5312,57,20,41.3,12,26.3,1,30,51.9,3,50,2
2020,2,57260,11,M,A2,4.09,,4,3,1,1,8,Other,1080,580,500,,,,,,60,32,80,31,83.1,5,31,69.4,4,83,4
2020,1,56075,12,F,APCalc,4.13,,4,4,3,3,11,Other,1390,690,700,2781,4,2767,4,5548,70,34,76.3,32,72.5,5,34,80,5,83,5
2020,2,62295,11,M,A2,3.71,,3.25,,0,,5,Bville,,,,,,,,,83,25,68.8,25,51.9,3,27,59.4,4,,3
2020,1,59390,12,F,APCalc,4.19,,3.5,4.8,4,4,11,Other,1450,710,740,2786,4,2798,4,5584,70,32,75,28,68.8,4,29,57.5,4,67,5
2020,2,57800,11,M,A2,4.08,,4,,0,,6,Other,1110,580,530,,,,,,50,24,51.3,17,43.1,3,22,46.9,3,63,3
2021,1,59615,11,M,A2,3.71,,3,,0,,4,Bville,990,490,500,,,,,,33,15,46.3,17,43.8,3,25,58.1,4,60,3
2021,2,68025,12,F,APCalc,,,,,0,,1,ATown,,,,,,,,,93,37,86.3,35,82.5,5,37,88.8,5,93,5
2021,1,57510,12,M,PC,3.67,,3,,0,,5,ATown,1000,510,490,2667,3,2692,3,5359,47,17,42.5,8,25,1,20,39.4,2,77,2
2021,2,60410,11,F,A2,,,,,0,,12,Other,,,,,,,,,53,27,57.5,25,59.4,4,23,57.5,4,67,4
2021,1,57255,12,F,PC,2.97,,1.5,,0,,8,Other,,,,2606,3,2688,3,5294,30,25,50,22,38.8,2,21,45.6,3,70,3
2021,2,59965,11,F,APCalc,4.25,,4,4,3,3,2,Bville,1440,690,750,,,,,,67,36,92.5,32,80.3,5,38,81.9,5,87,5
2021,1,61565,12,M,A2,3.47,,2.5,3,1,1,2,Other,1170,590,580,2746,4,2616,2,5362,60,21,58.8,20,51.6,3,28,67.5,4,77,4
2021,2,58005,12,M,A2,3.82,,3.5,,0,,10,ATown,1040,520,520,2687,4,2638,3,5325,57,21,58.8,20,36.3,2,23,46.9,3,77,3
2021,1,58125,12,F,APCalc,3.81,,3,4,4,4,4,Other,1300,670,630,2700,4,2710,3,5410,63,28,68.8,23,59.4,4,28,63.8,4,70,3
2021,2,58155,12,M,PC,4.13,,3,2.5,2,1,3,Bville,1210,610,600,2658,3,2735,4,5393,73,27,60,21,50,3,21,43.8,3,73,3
2021,1,58265,12,F,APCalc,3.94,,,4.6,5,5,8,Other,1460,720,740,2795,4,2827,4,5622,73,32,75,30,70.6,5,27,60,4,83,4
2021,2,57620,12,F,PC,3.11,,2,,0,,9,Other,1110,540,570,2655,3,2750,4,5405,60,22,40,22,52.2,3,23,43.1,3,,3
2021,1,57385,12,M,APCalc,3.92,,2.5,4,1,1,6,ATown,1160,560,600,2639,3,2751,4,5390,70,23,65,23,55.6,4,29,70.6,5,70,4
2021,2,57770,12,F,APCalc,4.22,,4,4.3,4,4,7,ATown,1400,650,750,2711,4,2862,4,5573,77,34,88.8,37,85.3,5,35,86.3,5,80,5
2021,1,60320,11,F,A2,2.83,,2,,0,,4,Bville,1070,550,520,,,,,,50,28,72.5,26,56.6,4,28,56.3,4,80,4
2021,2,62870,10,M,APCalc,4.4,,4,4.8,4,4,7,Other,,,,,,,,,70,32,78.8,31,81.9,5,31,76.9,5,83,5
2021,1,57960,12,M,PC,3.43,,2,3,1,1,1,Other,1240,650,590,2795,4,2754,4,5549,,27,66.3,24,59.4,4,31,67.5,4,73,5
2021,2,61200,12,F,A2,3.69,,3,3,2,2,1,ATown,1110,560,550,2677,3,2696,3,5373,50,18,58.8,22,51.9,3,29,60,4,63,0
2021,1,61130,11,M,A2,3.79,,4,,0,,6,ATown,1130,560,570,,,,,,67,22,62.5,19,58.8,4,26,62.5,4,63,4
2021,2,57425,12,M,PC,4.17,,4,2.5,2,1,7,ATown,1160,580,580,2755,4,2743,4,5498,37,23,56.3,20,55.6,4,32,66.9,4,77,4
2021,1,60165,11,F,A2,3.74,,3,,0,,5,Other,1060,590,470,,,,,,53,29,72.5,18,53.4,3,24,60,4,50,3
2021,2,57465,12,M,APCalc,4.29,,4,4.3,4,4,10,Other,1370,690,680,2784,4,2735,4,5519,80,31,75,31,73.4,5,34,81.9,5,83,5
2021,1,57500,12,F,PC,3.24,,2,,0,,2,ATown,950,420,530,2524,2,2607,2,5131,50,20,46.3,12,35.9,2,19,35,2,,0
2021,2,57480,12,M,A2,3.6,,4,,0,,7,ATown,900,480,420,2454,1,2631,3,5085,47,17,42.5,22,47.2,3,20,48.8,3,53,4
2021,1,57275,12,M,PC,3.79,,3,,0,,10,ATown,,,,2597,3,2675,3,5272,67,22,50,18,45,3,27,58.1,4,67,4
2021,2,61020,12,M,PC,3.42,,2,,0,,4,Other,910,440,470,2638,3,2571,2,5209,60,17,33.8,14,28.4,2,11,30,2,70,1
2021,1,57325,12,M,A2,4.2,,4,4.5,2,2,3,ATown,1260,690,570,2790,4,2759,4,5549,67,26,75,33,76.3,5,29,75,5,83,5
2021,2,57815,12,M,A2,3.85,,4,2,1,0,12,Other,1170,560,610,2687,4,2737,4,5424,70,26,58.8,22,55.9,4,31,73.1,5,80,5
2021,1,58055,12,M,A2,3.11,,3,,0,,5,Other,910,440,470,2570,2,2615,2,5185,43,20,38.8,16,36.6,2,21,36.9,2,50,1
2021,2,57890,12,M,A2,4.08,,4,3,1,1,3,Other,1100,540,560,2701,4,2775,4,5476,60,25,78.8,26,61.6,4,21,53.1,3,70,5
2021,1,57835,12,M,PC,4.17,,4,3.5,2,2,8,Other,1210,600,610,2795,4,2743,4,5538,73,24,66.3,28,59.4,4,29,68.1,4,77,5
2021,2,61060,12,F,PC,4.31,,,,0,,11,CCity,1400,670,730,2795,4,2862,4,5657,73,36,88.8,38,81.9,5,36,91.3,5,80,5
2021,1,59495,12,M,APCalc,4.38,,3.5,2.3,3,2,9,Other,,,,2653,3,2736,4,5389,63,28,73.8,19,51.9,3,25,53.1,3,57,0
2021,2,63500,10,F,A2,4,,4,,0,,1,Other,,,,,,,,,57,29,77.5,25,53.4,3,27,67.5,4,80,5
2021,1,57955,12,M,PC,4.17,,4,4,3,3,3,Other,1430,700,730,2795,4,2786,4,5581,53,28,72.5,31,73.8,5,32,70,4,73,4
2021,2,57840,12,M,APCalc,4.11,,3,2.3,3,1,9,Other,1100,560,540,2629,3,2711,3,5340,43,24,55,20,55.3,4,26,52.5,3,60,3
2021,1,57845,12,F,A2,3.76,,4,,0,,9,Other,970,510,460,2616,3,2613,2,5229,33,32,75,31,73.1,5,31,78.8,5,33,3
2021,2,59355,12,M,A2,3.81,,2.5,3,1,1,12,ATown,1160,600,560,2773,4,2731,4,5504,50,19,55,23,55.9,4,26,48.8,3,67,0
2021,1,57405,12,M,A2,4,,,2.5,2,1,7,ATown,1130,540,590,2673,3,2734,4,5407,57,31,56.3,22,54.7,3,30,69.4,4,73,4
2021,2,58060,12,M,A2,3.66,,3.5,2,1,0,4,ATown,1080,510,570,2611,3,2643,3,5254,60,20,48.8,15,31.9,2,19,45,3,47,3
2021,1,58345,12,M,A2,4.07,,,4,1,1,6,Other,1160,630,530,2795,4,2735,4,5530,43,23,55,20,47.8,3,30,71.9,5,83,4
2022,2,59895,12,M,APCalc,4.33,4,4,5,5,5,2,Other,1300,670,630,2689,4,2775,4,5464,83,33,51.3,37,91,5,36,90.6,5,97,5
2022,1,62500,11,M,A2,3.92,3.83,4,,,,4,CCity,1230,620,610,,,,,,67,30,37.5,27,72,5,32,78.4,5,83,4
2022,2,60360,12,F,A2,3.31,3.31,3.5,,,,6,ATown,940,450,490,2681,3,2692,3,5373,43,21,33.8,14,49,3,22,39.1,3,73,3
2022,1,60370,12,M,PC,3.66,3.47,3.3,,,,9,Other,1190,580,610,2683,4,2704,3,5387,60,18,30,21,60,4,24,61.6,4,70,4
2022,2,62600,11,M,A2,4.09,4,4,,,,3,Bville,1160,590,570,,,,,,67,31,38.8,27,73,5,30,74.4,5,93,5
2022,1,60380,12,M,PC,3.66,3.47,2.7,3,2,1,4,ATown,1140,600,540,2795,4,2725,4,5520,40,20,35,20,57,4,24,46.9,3,93,4
2022,2,60415,12,F,APCalc,4.29,4,4,4,5,4,12,Other,1370,630,740,2795,4,2862,4,5657,70,33,51.3,30,77,5,31,77.8,5,83,5
2022,1,59730,12,F,A2,4,4,4,,,,1,ATown,1120,560,560,2650,3,2786,4,5436,60,24,40,24,64,4,31,66.6,5,87,4
2022,2,60035,12,M,PC,2.94,2.86,2.2,,,,11,Other,1370,660,710,2738,4,2706,3,5444,67,24,37.5,25,70,5,30,72.2,5,87,5
2022,1,60260,12,F,APCalc,3.69,3.5,3.5,3.3,4,4,8,Other,1220,540,680,2693,4,2819,4,5512,63,30,47.5,28,65,4,30,68.4,5,83,5
2022,2,59715,12,F,PC,3.62,3.5,3.5,3,1,1,6,ATown,1120,540,580,2705,4,2757,4,5462,77,29,46.3,26,72,5,32,73.8,5,97,5
2022,1,59885,12,M,A2,3.71,3.71,3.5,,,,8,ATown,950,420,530,2567,2,2620,2,5187,33,14,22.5,15,51,3,14,26.9,2,47,1
2022,2,68060,12,F,PC,4.03,3.86,4,4,2,2,7,ATown,1300,690,610,2776,4,2807,4,5583,50,NA,NA,NA,NA,NA,NA,NA,4,90,4
2022,1,60075,12,M,APCalc,4.32,4,4,4.8,5,5,11,ATown,1290,710,580,2795,4,2787,4,5582,67,32,50,25,63,4,29,72.5,5,73,5
2022,2,63585,11,F,A2,3.52,3.52,3.5,,,,10,ATown,980,430,550,,,,,,47,22,27.5,20,55,3,26,59.1,4,77,4
2022,1,60295,12,F,A2,3.72,3.56,4,3,2,2,5,Other,1130,520,610,2659,3,2777,4,5436,63,27,43.8,27,72,5,30,79.4,5,77,4
2022,2,60310,12,F,PC,3.97,3.97,4,,,,4,CCity,1150,530,620,2722,4,2799,4,5521,70,32,50,29,66,4,34,82.2,5,83,4
2022,1,66010,11,F,A2,3.79,3.79,4,,,,6,ATown,1230,550,680,,,,,,53,32,40,30,77,5,32,82.5,5,77,5
2022,2,59690,12,F,APCalc,4.07,3.73,3.8,4.3,4,4,1,ATown,1420,660,760,2706,4,2804,4,5510,67,37,56.3,30,76,5,33,73.8,5,87,5
2022,1,59870,12,M,PC,4.16,4,4,4.5,2,2,6,Other,1240,600,640,2679,3,2849,4,5528,67,34,52.5,30,77,5,37,82.2,5,90,5
2022,2,64695,12,M,PC,4.06,3.88,3.8,4,1,1,3,Other,1320,610,710,2738,4,2761,4,5499,57,28,45,28,67,4,33,81.6,5,90,0
2022,1,60135,12,F,APCalc,3.25,3.14,2.7,3,2,2,1,Other,1400,690,710,,,,,,73,30,37.5,32,85,5,30,67.2,5,97,4
2022,2,59695,12,M,A2,3.72,3.59,3.3,3,1,1,8,Other,1100,580,520,2681,3,2670,3,5351,53,19,31.3,25,63,4,25,53.4,4,80,3
2022,1,61120,12,F,PC,3.77,3.71,3.5,4,1,1,3,ATown,1250,620,630,2704,4,2757,4,5461,80,28,45,25,69,4,30,66.9,5,93,4
2022,2,59720,12,M,A2,3.84,3.84,4,,,,6,ATown,980,500,480,2626,3,2671,3,5297,50,19,31.3,17,53,3,22,54.4,4,80,3
2022,1,66775,12,M,A2,3.89,3.79,4,3,1,1,3,ATown,1060,580,480,2751,4,2648,3,5399,40,23,36.3,19,62,4,28,60,4,67,4
2022,2,59755,12,M,PC,4.15,4,4,5,2,2,9,Other,1460,730,730,2795,4,2771,4,5566,73,28,45,27,72,5,31,78.4,5,97,5
2022,1,60185,12,F,PC,3.44,3.38,3,1,1,0,12,ATown,1090,500,590,,,,,,33,25,31.3,15,53,3,24,42.5,3,70,3
2022,2,60915,12,M,APCalc,4.21,4,4,4.3,3,3,11,Bville,1410,730,680,2795,4,2817,4,5612,73,33,51.3,35,76,5,37,88.1,5,97,5
2022,1,60195,12,F,PC,4.16,3.91,4,2.5,2,1,8,ATown,1390,640,750,2728,4,2862,4,5590,90,36,55,37,91,5,39,88.4,5,83,5
2022,2,60925,12,M,A2,3.97,3.74,3.3,2.7,3,2,5,Other,1020,530,490,2636,3,2700,3,5336,53,18,30,18,58,4,26,48.8,3,53,3
2022,1,59795,12,M,PC,4.08,3.97,4,4,1,1,5,ATown,1180,610,570,2686,4,2733,4,5419,57,33,51.3,29,75,5,33,77.8,5,83,5
2022,2,59800,12,M,A2,4.11,3.96,4,,,,11,Bville,1260,630,630,2783,4,2767,4,5550,67,25,41.3,27,73,5,26,66.6,5,90,5
2022,1,60930,12,M,PC,4.14,3.97,3.8,4.5,2,2,12,Other,1210,620,590,2733,4,2781,4,5514,73,29,46.3,26,63,4,29,70.9,5,87,5
2022,2,63085,11,F,APCalc,4.17,4,4,5,1,1,11,Other,1370,660,710,,,,,,77,39,48.8,37,84,5,38,90,5,93,5
2022,1,64230,12,M,PC,3.71,3.5,3.8,2,1,0,4,Other,1010,520,490,,,,,,33,18,22.5,7,41,3,16,35.9,2,47,2
2022,2,60220,12,M,PC,4.37,4,4,4.7,7,7,12,ATown,1490,740,750,2760,4,2776,4,5536,60,30,47.5,26,64,4,28,65.3,5,83,5
2022,1,60245,12,F,PC,4.16,3.91,4,4.3,3,3,7,ATown,1300,640,660,2744,4,2827,4,5571,67,33,51.3,32,74,5,34,84.1,5,87,5
2022,2,61035,12,M,APCalc,3.89,3.77,3.7,2.5,2,1,7,ATown,1140,510,630,2661,3,2727,4,5388,60,30,47.5,25,63,4,34,75.9,5,77,5
2022,1,63160,11,M,A2,4.08,4,4,4,6,6,6,ATown,1370,690,680,,,,,,73,33,41.3,33,76,5,34,77.2,5,87,5
2022,2,63540,11,F,A2,3.61,3.54,4,,,,12,Other,1240,600,640,,,,,,63,31,38.8,25,71,5,31,66.6,5,NA,4
2022,1,60545,12,M,PC,3,2.94,2.3,1,1,0,7,Other,1020,500,520,2587,3,2658,3,5245,43,22,35,15,51,3,15,23.4,1,67,1
2022,2,59855,12,F,A2,4.19,4,4,5,2,2,1,ATown,1320,680,640,2775,4,2827,4,5602,67,30,47.5,36,80,5,35,82.8,5,93,5
2022,1,59850,12,F,PC,4,3.8,4,1.5,2,0,11,Other,1090,510,580,2603,3,2684,3,5287,63,28,42.5,25,76,5,26,52.5,4,73,3
2022,2,64275,12,F,APCalc,4.1,3.76,4,4.5,6,6,1,ATown,1470,740,730,2779,4,2821,4,5600,90,36,55,28,66,4,38,86.9,5,93,5
